"sample_number","type"
75,"NORMAL"
368,"NORMAL"
661,"NORMAL"
945,"NORMAL"
1230,"NORMAL"
1514,"NORMAL"
1808,"NORMAL"
2043,"NORMAL"
2401,"NORMAL"
2704,"NORMAL"
2996,"NORMAL"
3281,"NORMAL"
3559,"NORMAL"
3861,"NORMAL"
4169,"NORMAL"
4464,"NORMAL"
4763,"NORMAL"
5059,"NORMAL"
5345,"NORMAL"
5631,"NORMAL"
5917,"NORMAL"
6212,"NORMAL"
6525,"NORMAL"
6822,"NORMAL"
7104,"NORMAL"
7389,"NORMAL"
7668,"NORMAL"
7951,"NORMAL"
8244,"NORMAL"
8537,"NORMAL"
8836,"NORMAL"
9140,"NORMAL"
9429,"NORMAL"
9709,"NORMAL"
9997,"NORMAL"
10280,"NORMAL"
10589,"NORMAL"
10892,"NORMAL"
11190,"NORMAL"
11479,"NORMAL"
11779,"NORMAL"
12065,"NORMAL"
12349,"NORMAL"
12643,"NORMAL"
12947,"NORMAL"
13265,"NORMAL"
13561,"NORMAL"
13840,"NORMAL"
14129,"NORMAL"
14421,"NORMAL"
14709,"NORMAL"
15010,"NORMAL"
15308,"NORMAL"
15606,"NORMAL"
15898,"NORMAL"
16180,"NORMAL"
16462,"NORMAL"
16754,"NORMAL"
17057,"NORMAL"
17357,"NORMAL"
17654,"NORMAL"
17945,"NORMAL"
18226,"NORMAL"
18512,"NORMAL"
18795,"NORMAL"
19079,"NORMAL"
19386,"NORMAL"
19691,"NORMAL"
19988,"NORMAL"
20270,"NORMAL"
20553,"NORMAL"
20836,"NORMAL"
21130,"NORMAL"
21422,"NORMAL"
21727,"NORMAL"
22028,"NORMAL"
22320,"NORMAL"
22601,"NORMAL"
22879,"NORMAL"
23162,"NORMAL"
23452,"NORMAL"
23755,"NORMAL"
24051,"NORMAL"
24344,"NORMAL"
24624,"NORMAL"
24910,"NORMAL"
25196,"NORMAL"
25484,"NORMAL"
25778,"NORMAL"
26087,"NORMAL"
26385,"NORMAL"
26669,"NORMAL"
26950,"NORMAL"
27235,"NORMAL"
27535,"NORMAL"
27831,"NORMAL"
28130,"NORMAL"
28429,"NORMAL"
28725,"NORMAL"
29014,"NORMAL"
29292,"NORMAL"
29578,"NORMAL"
29871,"NORMAL"
30180,"NORMAL"
30485,"NORMAL"
30778,"NORMAL"
31063,"NORMAL"
31347,"NORMAL"
31634,"NORMAL"
31926,"NORMAL"
32222,"NORMAL"
32526,"NORMAL"
32834,"NORMAL"
33125,"NORMAL"
33402,"NORMAL"
33689,"NORMAL"
33980,"NORMAL"
34272,"NORMAL"
34573,"NORMAL"
34869,"NORMAL"
35166,"NORMAL"
35454,"NORMAL"
35735,"NORMAL"
36015,"NORMAL"
36307,"NORMAL"
36603,"NORMAL"
36914,"NORMAL"
37213,"NORMAL"
37498,"NORMAL"
37781,"NORMAL"
38070,"NORMAL"
38355,"NORMAL"
38650,"NORMAL"
38949,"NORMAL"
39251,"NORMAL"
39547,"NORMAL"
39824,"NORMAL"
40094,"NORMAL"
40381,"NORMAL"
40676,"NORMAL"
40968,"NORMAL"
41270,"NORMAL"
41566,"NORMAL"
41848,"NORMAL"
42115,"NORMAL"
42413,"NORMAL"
42695,"NORMAL"
42995,"NORMAL"
43305,"NORMAL"
43602,"NORMAL"
43890,"NORMAL"
44171,"NORMAL"
44454,"NORMAL"
44742,"NORMAL"
45028,"NORMAL"
45322,"NORMAL"
45626,"NORMAL"
45923,"NORMAL"
46203,"NORMAL"
46477,"NORMAL"
46758,"NORMAL"
47035,"NORMAL"
47333,"NORMAL"
47630,"NORMAL"
47917,"NORMAL"
48201,"NORMAL"
48484,"NORMAL"
48764,"NORMAL"
49039,"NORMAL"
49321,"NORMAL"
49616,"NORMAL"
49921,"NORMAL"
50212,"NORMAL"
50490,"NORMAL"
50770,"NORMAL"
51054,"NORMAL"
51338,"NORMAL"
51625,"NORMAL"
51919,"NORMAL"
52214,"NORMAL"
52504,"NORMAL"
52783,"NORMAL"
53061,"NORMAL"
53340,"NORMAL"
53630,"NORMAL"
53921,"NORMAL"
54218,"NORMAL"
54506,"NORMAL"
54783,"NORMAL"
55063,"NORMAL"
55342,"NORMAL"
55622,"NORMAL"
55906,"NORMAL"
56207,"NORMAL"
56500,"NORMAL"
56782,"NORMAL"
57054,"NORMAL"
57331,"NORMAL"
57614,"NORMAL"
57898,"NORMAL"
58190,"NORMAL"
58488,"NORMAL"
58786,"NORMAL"
59076,"NORMAL"
59353,"NORMAL"
59630,"NORMAL"
59919,"NORMAL"
60211,"NORMAL"
60513,"NORMAL"
60816,"NORMAL"
61104,"NORMAL"
61390,"NORMAL"
61678,"NORMAL"
61962,"NORMAL"
62246,"NORMAL"
62545,"NORMAL"
62850,"NORMAL"
63151,"NORMAL"
63437,"NORMAL"
63710,"NORMAL"
63997,"NORMAL"
64287,"NORMAL"
64580,"NORMAL"
64874,"NORMAL"
65173,"NORMAL"
65463,"NORMAL"
65749,"NORMAL"
66028,"NORMAL"
66306,"NORMAL"
66603,"NORMAL"
66791,"NORMAL"
67129,"NORMAL"
67432,"NORMAL"
67727,"NORMAL"
68006,"NORMAL"
68300,"NORMAL"
68593,"NORMAL"
68885,"NORMAL"
69189,"NORMAL"
69501,"NORMAL"
69795,"NORMAL"
70072,"NORMAL"
70356,"NORMAL"
70641,"NORMAL"
70940,"NORMAL"
71238,"NORMAL"
71538,"NORMAL"
71844,"NORMAL"
72137,"NORMAL"
72416,"NORMAL"
72701,"NORMAL"
72997,"NORMAL"
73300,"NORMAL"
73610,"NORMAL"
73910,"NORMAL"
74194,"NORMAL"
74482,"NORMAL"
74765,"NORMAL"
74984,"NORMAL"
75331,"NORMAL"
75631,"NORMAL"
75932,"NORMAL"
76232,"NORMAL"
76514,"NORMAL"
76784,"NORMAL"
77072,"NORMAL"
77364,"NORMAL"
77662,"NORMAL"
77952,"NORMAL"
78250,"NORMAL"
78538,"NORMAL"
78822,"NORMAL"
79098,"NORMAL"
79384,"NORMAL"
79687,"NORMAL"
79990,"NORMAL"
80289,"NORMAL"
80582,"NORMAL"
80867,"NORMAL"
81150,"NORMAL"
81437,"NORMAL"
81729,"NORMAL"
82029,"NORMAL"
82333,"NORMAL"
82635,"NORMAL"
82925,"NORMAL"
83208,"NORMAL"
83491,"NORMAL"
83793,"NORMAL"
84102,"NORMAL"
84406,"NORMAL"
84707,"NORMAL"
85008,"NORMAL"
85302,"NORMAL"
85578,"NORMAL"
85869,"NORMAL"
86170,"NORMAL"
86477,"NORMAL"
86778,"NORMAL"
87076,"NORMAL"
87363,"NORMAL"
87650,"NORMAL"
87939,"NORMAL"
88230,"NORMAL"
88529,"NORMAL"
88833,"NORMAL"
89134,"NORMAL"
89420,"NORMAL"
89702,"NORMAL"
89986,"NORMAL"
90285,"NORMAL"
90588,"NORMAL"
90883,"NORMAL"
91188,"NORMAL"
91480,"NORMAL"
91760,"NORMAL"
92044,"NORMAL"
92336,"NORMAL"
92631,"NORMAL"
92943,"NORMAL"
93245,"NORMAL"
93533,"NORMAL"
93823,"NORMAL"
94101,"NORMAL"
94392,"NORMAL"
94691,"NORMAL"
94993,"NORMAL"
95297,"NORMAL"
95605,"NORMAL"
95892,"NORMAL"
96169,"NORMAL"
96449,"NORMAL"
96744,"NORMAL"
97049,"NORMAL"
97347,"NORMAL"
97643,"NORMAL"
97935,"NORMAL"
98227,"NORMAL"
98507,"NORMAL"
98788,"NORMAL"
99081,"NORMAL"
99381,"NORMAL"
99578,"NORMAL"
99929,"NORMAL"
100217,"NORMAL"
100495,"NORMAL"
100780,"NORMAL"
101069,"NORMAL"
101358,"NORMAL"
101652,"NORMAL"
101940,"NORMAL"
102233,"NORMAL"
102515,"NORMAL"
102792,"NORMAL"
103072,"NORMAL"
103369,"NORMAL"
103668,"NORMAL"
103962,"NORMAL"
104260,"NORMAL"
104543,"NORMAL"
104829,"NORMAL"
105117,"NORMAL"
105405,"NORMAL"
105706,"NORMAL"
106014,"NORMAL"
106312,"NORMAL"
106599,"NORMAL"
106881,"NORMAL"
107158,"NORMAL"
107450,"NORMAL"
107748,"NORMAL"
108044,"NORMAL"
108340,"NORMAL"
108642,"NORMAL"
108924,"NORMAL"
109198,"NORMAL"
109484,"NORMAL"
109770,"NORMAL"
110075,"NORMAL"
110373,"NORMAL"
110672,"NORMAL"
110962,"NORMAL"
111242,"NORMAL"
111522,"NORMAL"
111809,"NORMAL"
112106,"NORMAL"
112403,"NORMAL"
112709,"NORMAL"
112999,"NORMAL"
113280,"NORMAL"
113561,"NORMAL"
113848,"NORMAL"
114139,"NORMAL"
114427,"NORMAL"
114714,"NORMAL"
114999,"NORMAL"
115279,"NORMAL"
115546,"NORMAL"
115814,"NORMAL"
116082,"NORMAL"
116368,"NORMAL"
116653,"NORMAL"
116938,"NORMAL"
117212,"NORMAL"
117493,"NORMAL"
117765,"NORMAL"
118043,"NORMAL"
118321,"NORMAL"
118606,"NORMAL"
118910,"NORMAL"
119214,"NORMAL"
119508,"NORMAL"
119791,"NORMAL"
120076,"NORMAL"
120374,"NORMAL"
120674,"NORMAL"
120990,"NORMAL"
121300,"NORMAL"
121603,"NORMAL"
121888,"NORMAL"
122168,"NORMAL"
122460,"NORMAL"
122749,"NORMAL"
123049,"NORMAL"
123358,"NORMAL"
123663,"NORMAL"
123935,"NORMAL"
124220,"NORMAL"
124506,"NORMAL"
124775,"NORMAL"
125058,"NORMAL"
125354,"NORMAL"
125648,"NORMAL"
125925,"NORMAL"
126202,"NORMAL"
126475,"NORMAL"
126745,"NORMAL"
127024,"NORMAL"
127312,"NORMAL"
127602,"NORMAL"
127890,"NORMAL"
128084,"NORMAL"
128421,"NORMAL"
128696,"NORMAL"
128957,"NORMAL"
129230,"NORMAL"
129518,"NORMAL"
129797,"NORMAL"
130056,"NORMAL"
130317,"NORMAL"
130566,"NORMAL"
130818,"NORMAL"
131072,"NORMAL"
131325,"NORMAL"
131583,"NORMAL"
131846,"NORMAL"
132120,"NORMAL"
132379,"NORMAL"
132628,"NORMAL"
132881,"NORMAL"
133131,"NORMAL"
133388,"NORMAL"
133661,"NORMAL"
133932,"NORMAL"
134196,"NORMAL"
134462,"NORMAL"
134736,"NORMAL"
134988,"NORMAL"
135242,"NORMAL"
135503,"NORMAL"
135779,"NORMAL"
136060,"NORMAL"
136349,"NORMAL"
136628,"NORMAL"
136898,"NORMAL"
137170,"NORMAL"
137448,"NORMAL"
137729,"NORMAL"
138007,"NORMAL"
138303,"NORMAL"
138597,"NORMAL"
138888,"NORMAL"
139163,"NORMAL"
139439,"NORMAL"
139718,"NORMAL"
140009,"NORMAL"
140299,"NORMAL"
140598,"NORMAL"
140880,"NORMAL"
141151,"NORMAL"
141422,"NORMAL"
141681,"NORMAL"
141942,"NORMAL"
142206,"NORMAL"
142478,"NORMAL"
142746,"NORMAL"
143010,"NORMAL"
143264,"NORMAL"
143514,"NORMAL"
143765,"NORMAL"
144024,"NORMAL"
144284,"NORMAL"
144556,"NORMAL"
144831,"NORMAL"
145111,"NORMAL"
145380,"NORMAL"
145646,"NORMAL"
145902,"NORMAL"
146169,"NORMAL"
146444,"NORMAL"
146736,"NORMAL"
147012,"NORMAL"
147289,"NORMAL"
147563,"NORMAL"
147831,"NORMAL"
148098,"NORMAL"
148361,"NORMAL"
148636,"NORMAL"
148915,"NORMAL"
149201,"NORMAL"
149487,"NORMAL"
149767,"NORMAL"
150029,"NORMAL"
150303,"NORMAL"
150574,"NORMAL"
150848,"NORMAL"
151121,"NORMAL"
151406,"NORMAL"
151697,"NORMAL"
151973,"NORMAL"
152236,"NORMAL"
152509,"NORMAL"
152780,"NORMAL"
153066,"NORMAL"
153361,"NORMAL"
153643,"NORMAL"
153921,"NORMAL"
154191,"NORMAL"
154469,"NORMAL"
154740,"NORMAL"
155008,"NORMAL"
155290,"NORMAL"
155586,"NORMAL"
155863,"NORMAL"
156131,"NORMAL"
156393,"NORMAL"
156647,"NORMAL"
156904,"NORMAL"
157167,"NORMAL"
157429,"NORMAL"
157694,"NORMAL"
157958,"NORMAL"
158230,"NORMAL"
158488,"NORMAL"
158729,"NORMAL"
158972,"NORMAL"
159223,"NORMAL"
159478,"NORMAL"
159736,"NORMAL"
160000,"NORMAL"
160258,"NORMAL"
160505,"NORMAL"
160753,"NORMAL"
161003,"NORMAL"
161252,"NORMAL"
161500,"NORMAL"
161763,"NORMAL"
162034,"NORMAL"
162307,"NORMAL"
162572,"NORMAL"
162834,"NORMAL"
163091,"NORMAL"
163360,"NORMAL"
163628,"NORMAL"
163898,"NORMAL"
164180,"NORMAL"
164459,"NORMAL"
164730,"NORMAL"
164990,"NORMAL"
165244,"NORMAL"
165498,"NORMAL"
165755,"NORMAL"
166030,"NORMAL"
166299,"NORMAL"
166569,"NORMAL"
166840,"NORMAL"
167110,"NORMAL"
167370,"NORMAL"
167640,"NORMAL"
167911,"NORMAL"
168189,"NORMAL"
168483,"NORMAL"
168783,"NORMAL"
169073,"NORMAL"
169348,"NORMAL"
169628,"NORMAL"
169904,"NORMAL"
170200,"NORMAL"
170495,"NORMAL"
170718,"NORMAL"
171073,"NORMAL"
171369,"NORMAL"
171652,"NORMAL"
171920,"NORMAL"
172198,"NORMAL"
172479,"NORMAL"
172774,"NORMAL"
173066,"NORMAL"
173349,"NORMAL"
173627,"NORMAL"
173906,"NORMAL"
174175,"NORMAL"
174450,"NORMAL"
174736,"NORMAL"
175022,"NORMAL"
175321,"NORMAL"
175607,"NORMAL"
175876,"NORMAL"
176143,"NORMAL"
176426,"NORMAL"
176695,"NORMAL"
176973,"NORMAL"
177246,"NORMAL"
177522,"NORMAL"
177795,"NORMAL"
178057,"NORMAL"
178315,"NORMAL"
178576,"NORMAL"
178839,"NORMAL"
179116,"NORMAL"
179386,"NORMAL"
179660,"NORMAL"
179925,"NORMAL"
180181,"NORMAL"
180442,"NORMAL"
180703,"NORMAL"
180963,"NORMAL"
181235,"NORMAL"
181522,"NORMAL"
181809,"NORMAL"
182083,"NORMAL"
182351,"NORMAL"
182622,"NORMAL"
182893,"NORMAL"
183180,"NORMAL"
183473,"NORMAL"
183777,"NORMAL"
184070,"NORMAL"
184359,"NORMAL"
184648,"NORMAL"
184932,"NORMAL"
185212,"NORMAL"
185508,"NORMAL"
185827,"NORMAL"
186136,"NORMAL"
186426,"NORMAL"
186716,"NORMAL"
187004,"NORMAL"
187290,"NORMAL"
187573,"NORMAL"
187870,"NORMAL"
188177,"NORMAL"
188479,"NORMAL"
188762,"NORMAL"
189041,"NORMAL"
189329,"NORMAL"
189623,"NORMAL"
189928,"NORMAL"
190227,"NORMAL"
190527,"NORMAL"
190819,"NORMAL"
191111,"NORMAL"
191393,"NORMAL"
191673,"NORMAL"
191975,"NORMAL"
192280,"NORMAL"
192574,"NORMAL"
192861,"NORMAL"
193145,"NORMAL"
193422,"NORMAL"
193701,"NORMAL"
193993,"NORMAL"
194280,"NORMAL"
194573,"NORMAL"
194865,"NORMAL"
195154,"NORMAL"
195424,"NORMAL"
195700,"NORMAL"
195977,"NORMAL"
196267,"NORMAL"
196559,"NORMAL"
196846,"NORMAL"
197131,"NORMAL"
197413,"NORMAL"
197684,"NORMAL"
197948,"NORMAL"
198222,"NORMAL"
198502,"NORMAL"
198790,"NORMAL"
199074,"NORMAL"
199351,"NORMAL"
199618,"NORMAL"
199893,"NORMAL"
200160,"NORMAL"
200431,"NORMAL"
200713,"NORMAL"
200992,"NORMAL"
201270,"NORMAL"
201543,"NORMAL"
201805,"NORMAL"
202066,"NORMAL"
202338,"NORMAL"
202612,"NORMAL"
202895,"NORMAL"
203180,"NORMAL"
203467,"NORMAL"
203740,"NORMAL"
204020,"NORMAL"
204298,"NORMAL"
204571,"NORMAL"
204853,"NORMAL"
205157,"NORMAL"
205457,"NORMAL"
205736,"NORMAL"
206015,"NORMAL"
206287,"NORMAL"
206565,"NORMAL"
206842,"NORMAL"
207128,"NORMAL"
207420,"NORMAL"
207723,"NORMAL"
208003,"NORMAL"
208277,"NORMAL"
208547,"NORMAL"
208821,"NORMAL"
209099,"NORMAL"
209391,"NORMAL"
209682,"NORMAL"
209971,"NORMAL"
210254,"NORMAL"
210533,"NORMAL"
210808,"NORMAL"
211085,"NORMAL"
211363,"NORMAL"
211653,"NORMAL"
211950,"NORMAL"
212227,"NORMAL"
212500,"NORMAL"
212776,"NORMAL"
213057,"NORMAL"
213325,"NORMAL"
213605,"NORMAL"
213893,"NORMAL"
214179,"NORMAL"
214463,"NORMAL"
214737,"NORMAL"
215004,"NORMAL"
215278,"NORMAL"
215562,"NORMAL"
215849,"NORMAL"
216139,"NORMAL"
216430,"NORMAL"
216708,"NORMAL"
216989,"NORMAL"
217268,"NORMAL"
217546,"NORMAL"
217823,"NORMAL"
218121,"NORMAL"
218413,"NORMAL"
218701,"NORMAL"
218971,"NORMAL"
219245,"NORMAL"
219525,"NORMAL"
219812,"NORMAL"
220097,"NORMAL"
220390,"NORMAL"
220689,"NORMAL"
220976,"NORMAL"
221251,"NORMAL"
221526,"NORMAL"
221803,"NORMAL"
222080,"NORMAL"
222374,"NORMAL"
222664,"NORMAL"
222950,"NORMAL"
223226,"NORMAL"
223506,"NORMAL"
223782,"NORMAL"
224046,"NORMAL"
224327,"NORMAL"
224620,"NORMAL"
224914,"NORMAL"
225194,"NORMAL"
225471,"NORMAL"
225741,"NORMAL"
226023,"NORMAL"
226295,"NORMAL"
226570,"NORMAL"
226861,"NORMAL"
227142,"NORMAL"
227424,"NORMAL"
227701,"NORMAL"
227974,"NORMAL"
228237,"NORMAL"
228515,"NORMAL"
228806,"NORMAL"
229093,"NORMAL"
229375,"NORMAL"
229658,"NORMAL"
229935,"NORMAL"
230213,"NORMAL"
230483,"NORMAL"
230759,"NORMAL"
231056,"NORMAL"
231357,"NORMAL"
231637,"NORMAL"
231912,"NORMAL"
232189,"NORMAL"
232458,"NORMAL"
232730,"NORMAL"
233014,"NORMAL"
233300,"NORMAL"
233587,"NORMAL"
233874,"NORMAL"
234150,"NORMAL"
234414,"NORMAL"
234683,"NORMAL"
234958,"NORMAL"
235248,"NORMAL"
235546,"NORMAL"
235826,"NORMAL"
236107,"NORMAL"
236389,"NORMAL"
236663,"NORMAL"
236927,"NORMAL"
237204,"NORMAL"
237494,"NORMAL"
237782,"NORMAL"
238070,"NORMAL"
238342,"NORMAL"
238608,"NORMAL"
238883,"NORMAL"
239155,"NORMAL"
239432,"NORMAL"
239716,"NORMAL"
239993,"NORMAL"
240265,"NORMAL"
240539,"NORMAL"
240807,"NORMAL"
241064,"NORMAL"
241317,"NORMAL"
241586,"NORMAL"
241853,"NORMAL"
242113,"NORMAL"
242372,"NORMAL"
242630,"NORMAL"
242878,"NORMAL"
243130,"NORMAL"
243386,"NORMAL"
243641,"NORMAL"
243907,"NORMAL"
244191,"NORMAL"
244459,"NORMAL"
244728,"NORMAL"
244983,"NORMAL"
245244,"NORMAL"
245514,"NORMAL"
245789,"NORMAL"
246064,"NORMAL"
246350,"NORMAL"
246646,"NORMAL"
246933,"NORMAL"
247200,"NORMAL"
247467,"NORMAL"
247740,"NORMAL"
248016,"NORMAL"
248298,"NORMAL"
248585,"NORMAL"
248876,"NORMAL"
249154,"NORMAL"
249432,"NORMAL"
249705,"NORMAL"
249987,"NORMAL"
250271,"NORMAL"
250555,"NORMAL"
250857,"NORMAL"
251159,"NORMAL"
251440,"NORMAL"
251709,"NORMAL"
251992,"NORMAL"
252284,"NORMAL"
252584,"NORMAL"
252866,"NORMAL"
253157,"NORMAL"
253454,"NORMAL"
253740,"NORMAL"
254008,"NORMAL"
254281,"NORMAL"
254583,"NORMAL"
254889,"NORMAL"
255169,"NORMAL"
255451,"NORMAL"
255736,"NORMAL"
256026,"NORMAL"
256294,"NORMAL"
256570,"NORMAL"
256859,"NORMAL"
257155,"NORMAL"
257438,"NORMAL"
257709,"NORMAL"
257964,"NORMAL"
258224,"NORMAL"
258477,"NORMAL"
258736,"NORMAL"
259002,"NORMAL"
259278,"NORMAL"
259539,"NORMAL"
259810,"NORMAL"
260075,"NORMAL"
260332,"NORMAL"
260584,"NORMAL"
260850,"NORMAL"
261131,"NORMAL"
261416,"NORMAL"
261688,"NORMAL"
261966,"NORMAL"
262239,"NORMAL"
262515,"NORMAL"
262787,"NORMAL"
263060,"NORMAL"
263348,"NORMAL"
263639,"NORMAL"
263929,"NORMAL"
264216,"NORMAL"
264497,"NORMAL"
264770,"NORMAL"
265061,"NORMAL"
265353,"NORMAL"
265651,"NORMAL"
265945,"NORMAL"
266237,"NORMAL"
266527,"NORMAL"
266814,"NORMAL"
267098,"NORMAL"
267374,"NORMAL"
267678,"NORMAL"
267977,"NORMAL"
268259,"NORMAL"
268543,"NORMAL"
268822,"NORMAL"
269101,"NORMAL"
269381,"NORMAL"
269668,"NORMAL"
269957,"NORMAL"
270255,"NORMAL"
270549,"NORMAL"
270820,"NORMAL"
271093,"NORMAL"
271369,"NORMAL"
271654,"NORMAL"
271950,"NORMAL"
272243,"NORMAL"
272532,"NORMAL"
272837,"NORMAL"
273122,"NORMAL"
273392,"NORMAL"
273674,"NORMAL"
273966,"NORMAL"
274262,"NORMAL"
274559,"NORMAL"
274851,"NORMAL"
275130,"NORMAL"
275401,"NORMAL"
275670,"NORMAL"
275947,"NORMAL"
276234,"NORMAL"
276514,"NORMAL"
276802,"NORMAL"
277101,"NORMAL"
277385,"NORMAL"
277647,"NORMAL"
277921,"NORMAL"
278210,"NORMAL"
278516,"NORMAL"
278811,"NORMAL"
279096,"NORMAL"
279380,"NORMAL"
279575,"NORMAL"
279916,"NORMAL"
280206,"NORMAL"
280509,"NORMAL"
280813,"NORMAL"
281108,"NORMAL"
281400,"NORMAL"
281680,"NORMAL"
281953,"NORMAL"
282231,"NORMAL"
282511,"NORMAL"
282799,"NORMAL"
283094,"NORMAL"
283387,"NORMAL"
283670,"NORMAL"
283941,"NORMAL"
284215,"NORMAL"
284490,"NORMAL"
284777,"NORMAL"
285071,"NORMAL"
285361,"NORMAL"
285651,"NORMAL"
285934,"NORMAL"
286208,"NORMAL"
286484,"NORMAL"
286761,"NORMAL"
287050,"NORMAL"
287349,"NORMAL"
287652,"NORMAL"
287943,"NORMAL"
288224,"NORMAL"
288505,"NORMAL"
288790,"NORMAL"
289074,"NORMAL"
289371,"NORMAL"
289665,"NORMAL"
289968,"NORMAL"
290256,"NORMAL"
290537,"NORMAL"
290812,"NORMAL"
291106,"NORMAL"
291405,"NORMAL"
291694,"NORMAL"
291988,"NORMAL"
292279,"NORMAL"
292565,"NORMAL"
292843,"NORMAL"
293121,"NORMAL"
293410,"NORMAL"
293710,"NORMAL"
294009,"NORMAL"
294294,"NORMAL"
294580,"NORMAL"
294854,"NORMAL"
295140,"NORMAL"
295420,"NORMAL"
295715,"NORMAL"
296011,"NORMAL"
296318,"NORMAL"
296610,"NORMAL"
296887,"NORMAL"
297167,"NORMAL"
297447,"NORMAL"
297737,"NORMAL"
298031,"NORMAL"
298332,"NORMAL"
298625,"NORMAL"
298918,"NORMAL"
299204,"NORMAL"
299481,"NORMAL"
299754,"NORMAL"
300050,"NORMAL"
300358,"NORMAL"
300660,"NORMAL"
300938,"NORMAL"
301209,"NORMAL"
301493,"NORMAL"
301780,"NORMAL"
302060,"NORMAL"
302345,"NORMAL"
302643,"NORMAL"
302945,"NORMAL"
303239,"NORMAL"
303500,"NORMAL"
303770,"NORMAL"
304064,"NORMAL"
304360,"NORMAL"
304637,"NORMAL"
304922,"NORMAL"
305209,"NORMAL"
305496,"NORMAL"
305706,"NORMAL"
306033,"NORMAL"
306335,"NORMAL"
306639,"NORMAL"
306939,"NORMAL"
307232,"NORMAL"
307512,"NORMAL"
307743,"NORMAL"
308061,"NORMAL"
308348,"NORMAL"
308623,"NORMAL"
308910,"NORMAL"
309214,"NORMAL"
309513,"NORMAL"
309778,"NORMAL"
310051,"NORMAL"
310331,"NORMAL"
310625,"NORMAL"
310912,"NORMAL"
311197,"NORMAL"
311485,"NORMAL"
311781,"NORMAL"
312060,"NORMAL"
312326,"NORMAL"
312604,"NORMAL"
312823,"NORMAL"
313193,"NORMAL"
313506,"NORMAL"
313806,"NORMAL"
314090,"NORMAL"
314371,"NORMAL"
314662,"NORMAL"
314950,"NORMAL"
315244,"NORMAL"
315540,"NORMAL"
315841,"NORMAL"
316134,"NORMAL"
316414,"NORMAL"
316691,"NORMAL"
316978,"NORMAL"
317264,"NORMAL"
317558,"NORMAL"
317783,"NORMAL"
318143,"NORMAL"
318436,"NORMAL"
318727,"NORMAL"
319010,"NORMAL"
319221,"NORMAL"
319584,"NORMAL"
319903,"NORMAL"
320204,"NORMAL"
320492,"NORMAL"
320784,"NORMAL"
321070,"NORMAL"
321370,"NORMAL"
321662,"NORMAL"
321966,"NORMAL"
322273,"NORMAL"
322571,"NORMAL"
322855,"NORMAL"
323135,"NORMAL"
323424,"NORMAL"
323729,"NORMAL"
324043,"NORMAL"
324337,"NORMAL"
324638,"NORMAL"
324928,"NORMAL"
325214,"NORMAL"
325492,"NORMAL"
325781,"NORMAL"
326086,"NORMAL"
326391,"NORMAL"
326696,"NORMAL"
326985,"NORMAL"
327274,"NORMAL"
327563,"NORMAL"
327855,"NORMAL"
328148,"NORMAL"
328450,"NORMAL"
328751,"NORMAL"
329053,"NORMAL"
329337,"NORMAL"
329618,"NORMAL"
329911,"NORMAL"
330215,"NORMAL"
330522,"NORMAL"
330818,"NORMAL"
331122,"NORMAL"
331409,"NORMAL"
331702,"NORMAL"
331988,"NORMAL"
332277,"NORMAL"
332586,"NORMAL"
332896,"NORMAL"
333198,"NORMAL"
333477,"NORMAL"
333766,"NORMAL"
334055,"NORMAL"
334347,"NORMAL"
334642,"NORMAL"
334942,"NORMAL"
335247,"NORMAL"
335542,"NORMAL"
335822,"NORMAL"
336098,"NORMAL"
336384,"NORMAL"
336678,"NORMAL"
336978,"NORMAL"
337278,"NORMAL"
337570,"NORMAL"
337860,"NORMAL"
338143,"NORMAL"
338430,"NORMAL"
338717,"NORMAL"
339023,"NORMAL"
339325,"NORMAL"
339630,"NORMAL"
339924,"NORMAL"
340202,"NORMAL"
340488,"NORMAL"
340778,"NORMAL"
341073,"NORMAL"
341377,"NORMAL"
341683,"NORMAL"
341972,"NORMAL"
342264,"NORMAL"
342545,"NORMAL"
342820,"NORMAL"
343114,"NORMAL"
343407,"NORMAL"
343703,"NORMAL"
343993,"NORMAL"
344276,"NORMAL"
344555,"NORMAL"
344840,"NORMAL"
345127,"NORMAL"
345414,"NORMAL"
345721,"NORMAL"
346015,"NORMAL"
346306,"NORMAL"
346595,"NORMAL"
346803,"NORMAL"
347146,"NORMAL"
347452,"NORMAL"
347757,"NORMAL"
348061,"NORMAL"
348364,"NORMAL"
348656,"NORMAL"
348933,"NORMAL"
349220,"NORMAL"
349499,"NORMAL"
349802,"NORMAL"
350110,"NORMAL"
350408,"NORMAL"
350691,"NORMAL"
350978,"NORMAL"
351263,"NORMAL"
351479,"NORMAL"
351819,"NORMAL"
352113,"NORMAL"
352414,"NORMAL"
352709,"NORMAL"
352985,"NORMAL"
353255,"NORMAL"
353546,"NORMAL"
353830,"NORMAL"
354127,"NORMAL"
354424,"NORMAL"
354716,"NORMAL"
355013,"NORMAL"
355301,"NORMAL"
355578,"NORMAL"
355856,"NORMAL"
356162,"NORMAL"
356461,"NORMAL"
356756,"NORMAL"
357044,"NORMAL"
357325,"NORMAL"
357608,"NORMAL"
357899,"NORMAL"
358184,"NORMAL"
358481,"NORMAL"
358785,"NORMAL"
359084,"NORMAL"
359363,"NORMAL"
359632,"NORMAL"
359901,"NORMAL"
360180,"NORMAL"
360469,"NORMAL"
360762,"NORMAL"
361050,"NORMAL"
361343,"NORMAL"
361622,"NORMAL"
361892,"NORMAL"
362161,"NORMAL"
362449,"NORMAL"
362730,"NORMAL"
363024,"NORMAL"
363317,"NORMAL"
363604,"NORMAL"
363876,"NORMAL"
364157,"NORMAL"
364445,"NORMAL"
364728,"NORMAL"
365020,"NORMAL"
365328,"NORMAL"
365638,"NORMAL"
365911,"NORMAL"
366189,"NORMAL"
366480,"NORMAL"
366776,"NORMAL"
367062,"NORMAL"
367362,"NORMAL"
367672,"NORMAL"
367958,"NORMAL"
368246,"NORMAL"
368530,"NORMAL"
368822,"NORMAL"
369107,"NORMAL"
369408,"NORMAL"
369713,"NORMAL"
370006,"NORMAL"
370277,"NORMAL"
370555,"NORMAL"
370841,"NORMAL"
371129,"NORMAL"
371403,"NORMAL"
371702,"NORMAL"
372005,"NORMAL"
372296,"NORMAL"
372556,"NORMAL"
372832,"NORMAL"
373122,"NORMAL"
373426,"NORMAL"
373710,"NORMAL"
373998,"NORMAL"
374302,"NORMAL"
374593,"NORMAL"
374853,"NORMAL"
375123,"NORMAL"
375410,"NORMAL"
375713,"NORMAL"
375996,"NORMAL"
376285,"NORMAL"
376574,"NORMAL"
376859,"NORMAL"
377078,"NORMAL"
377403,"NORMAL"
377698,"NORMAL"
378003,"NORMAL"
378306,"NORMAL"
378606,"NORMAL"
378883,"NORMAL"
379157,"NORMAL"
379437,"NORMAL"
379728,"NORMAL"
380021,"NORMAL"
380310,"NORMAL"
380608,"NORMAL"
380896,"NORMAL"
381171,"NORMAL"
381450,"NORMAL"
381721,"NORMAL"
382010,"NORMAL"
382306,"NORMAL"
382604,"NORMAL"
382893,"NORMAL"
383182,"NORMAL"
383456,"NORMAL"
383741,"NORMAL"
384025,"NORMAL"
384315,"NORMAL"
384613,"NORMAL"
384913,"NORMAL"
385204,"NORMAL"
385485,"NORMAL"
385767,"NORMAL"
386049,"NORMAL"
386347,"NORMAL"
386647,"NORMAL"
386939,"NORMAL"
387240,"NORMAL"
387531,"NORMAL"
387810,"NORMAL"
388083,"NORMAL"
388370,"NORMAL"
388669,"NORMAL"
388977,"NORMAL"
389276,"NORMAL"
389562,"NORMAL"
389858,"NORMAL"
390148,"NORMAL"
390433,"NORMAL"
390729,"NORMAL"
391038,"NORMAL"
391341,"NORMAL"
391639,"NORMAL"
391922,"NORMAL"
392202,"NORMAL"
392491,"NORMAL"
392779,"NORMAL"
393075,"NORMAL"
393375,"NORMAL"
393672,"NORMAL"
393956,"NORMAL"
394242,"NORMAL"
394518,"NORMAL"
394799,"NORMAL"
395094,"NORMAL"
395400,"NORMAL"
395695,"NORMAL"
395987,"NORMAL"
396267,"NORMAL"
396551,"NORMAL"
396844,"NORMAL"
397132,"NORMAL"
397335,"NORMAL"
397702,"NORMAL"
398005,"NORMAL"
398293,"NORMAL"
398567,"NORMAL"
398853,"NORMAL"
399137,"NORMAL"
399433,"NORMAL"
399729,"NORMAL"
400021,"NORMAL"
400321,"NORMAL"
400598,"NORMAL"
400876,"NORMAL"
401162,"NORMAL"
401450,"NORMAL"
401755,"NORMAL"
402059,"NORMAL"
402358,"NORMAL"
402644,"NORMAL"
402931,"NORMAL"
403214,"NORMAL"
403507,"NORMAL"
403802,"NORMAL"
404098,"NORMAL"
404401,"NORMAL"
404695,"NORMAL"
404978,"NORMAL"
405254,"NORMAL"
405540,"NORMAL"
405834,"NORMAL"
406129,"NORMAL"
406424,"NORMAL"
406713,"NORMAL"
407003,"NORMAL"
407288,"NORMAL"
407558,"NORMAL"
407847,"NORMAL"
408149,"NORMAL"
408450,"NORMAL"
408744,"NORMAL"
409028,"NORMAL"
409312,"NORMAL"
409596,"NORMAL"
409879,"NORMAL"
410175,"NORMAL"
410475,"NORMAL"
410780,"NORMAL"
411070,"NORMAL"
411350,"NORMAL"
411630,"NORMAL"
411913,"NORMAL"
412204,"NORMAL"
412508,"NORMAL"
412815,"NORMAL"
413107,"NORMAL"
413400,"NORMAL"
413690,"NORMAL"
413967,"NORMAL"
414248,"NORMAL"
414540,"NORMAL"
414845,"NORMAL"
415141,"NORMAL"
415428,"NORMAL"
415702,"NORMAL"
415992,"NORMAL"
416271,"NORMAL"
416554,"NORMAL"
416848,"NORMAL"
417150,"NORMAL"
417443,"NORMAL"
417727,"NORMAL"
418005,"NORMAL"
418281,"NORMAL"
418575,"NORMAL"
418864,"NORMAL"
419153,"NORMAL"
419451,"NORMAL"
419743,"NORMAL"
420020,"NORMAL"
420300,"NORMAL"
420582,"NORMAL"
420871,"NORMAL"
421171,"NORMAL"
421472,"NORMAL"
421765,"NORMAL"
421992,"NORMAL"
422319,"NORMAL"
422601,"NORMAL"
422816,"NORMAL"
423162,"NORMAL"
423460,"NORMAL"
423766,"NORMAL"
424062,"NORMAL"
424338,"NORMAL"
424614,"NORMAL"
424892,"NORMAL"
425185,"NORMAL"
425487,"NORMAL"
425787,"NORMAL"
426076,"NORMAL"
426378,"NORMAL"
426659,"NORMAL"
426937,"NORMAL"
427223,"NORMAL"
427521,"NORMAL"
427825,"NORMAL"
428127,"NORMAL"
428411,"NORMAL"
428696,"NORMAL"
428990,"NORMAL"
429273,"NORMAL"
429557,"NORMAL"
429865,"NORMAL"
430163,"NORMAL"
430468,"NORMAL"
430753,"NORMAL"
431031,"NORMAL"
431313,"NORMAL"
431613,"NORMAL"
431909,"NORMAL"
432206,"NORMAL"
432507,"NORMAL"
432797,"NORMAL"
433080,"NORMAL"
433363,"NORMAL"
433646,"NORMAL"
433840,"NORMAL"
434209,"NORMAL"
434511,"NORMAL"
434808,"NORMAL"
435093,"NORMAL"
435369,"NORMAL"
435656,"NORMAL"
435949,"NORMAL"
436147,"NORMAL"
436512,"NORMAL"
436818,"NORMAL"
437116,"NORMAL"
437398,"NORMAL"
437680,"NORMAL"
437961,"NORMAL"
438266,"NORMAL"
438567,"NORMAL"
438864,"NORMAL"
439156,"NORMAL"
439452,"NORMAL"
439738,"NORMAL"
440021,"NORMAL"
440308,"NORMAL"
440620,"NORMAL"
440932,"NORMAL"
441229,"NORMAL"
441517,"NORMAL"
441812,"NORMAL"
442107,"NORMAL"
442405,"NORMAL"
442621,"NORMAL"
442991,"NORMAL"
443303,"NORMAL"
443605,"NORMAL"
443887,"NORMAL"
444173,"NORMAL"
444471,"NORMAL"
444703,"NORMAL"
445059,"NORMAL"
445360,"NORMAL"
445656,"NORMAL"
445946,"NORMAL"
446225,"NORMAL"
446503,"NORMAL"
446797,"NORMAL"
447101,"NORMAL"
447399,"NORMAL"
447694,"NORMAL"
447978,"NORMAL"
448262,"NORMAL"
448547,"NORMAL"
448831,"NORMAL"
449133,"NORMAL"
449439,"NORMAL"
449746,"NORMAL"
450036,"NORMAL"
450323,"NORMAL"
450605,"NORMAL"
450893,"NORMAL"
451191,"NORMAL"
451499,"NORMAL"
451803,"NORMAL"
452099,"NORMAL"
452388,"NORMAL"
452676,"NORMAL"
452957,"NORMAL"
453246,"NORMAL"
453543,"NORMAL"
453850,"NORMAL"
454152,"NORMAL"
454442,"NORMAL"
454649,"NORMAL"
454995,"NORMAL"
455291,"NORMAL"
455586,"NORMAL"
455886,"NORMAL"
456186,"NORMAL"
456485,"NORMAL"
456769,"NORMAL"
457044,"NORMAL"
457331,"NORMAL"
457633,"NORMAL"
457935,"NORMAL"
458166,"NORMAL"
458521,"NORMAL"
458814,"NORMAL"
459102,"NORMAL"
459379,"NORMAL"
459662,"NORMAL"
459964,"NORMAL"
460273,"NORMAL"
460568,"NORMAL"
460856,"NORMAL"
461147,"NORMAL"
461431,"NORMAL"
461719,"NORMAL"
462012,"NORMAL"
462310,"NORMAL"
462618,"NORMAL"
462917,"NORMAL"
463195,"NORMAL"
463479,"NORMAL"
463762,"NORMAL"
464047,"NORMAL"
464359,"NORMAL"
464661,"NORMAL"
464958,"NORMAL"
465255,"NORMAL"
465537,"NORMAL"
465818,"NORMAL"
466102,"NORMAL"
466402,"NORMAL"
466706,"NORMAL"
467009,"NORMAL"
467306,"NORMAL"
467587,"NORMAL"
467876,"NORMAL"
468163,"NORMAL"
468457,"NORMAL"
468760,"NORMAL"
469064,"NORMAL"
469361,"NORMAL"
469658,"NORMAL"
469940,"NORMAL"
470229,"NORMAL"
470527,"NORMAL"
470834,"NORMAL"
471136,"NORMAL"
471442,"NORMAL"
471725,"NORMAL"
472017,"NORMAL"
472302,"NORMAL"
472587,"NORMAL"
472885,"NORMAL"
473199,"NORMAL"
473496,"NORMAL"
473790,"NORMAL"
474072,"NORMAL"
474360,"NORMAL"
474651,"NORMAL"
474940,"NORMAL"
475235,"NORMAL"
475544,"NORMAL"
475849,"NORMAL"
476135,"NORMAL"
476415,"NORMAL"
476703,"NORMAL"
476998,"NORMAL"
477306,"NORMAL"
477603,"NORMAL"
477896,"NORMAL"
478193,"NORMAL"
478479,"NORMAL"
478755,"NORMAL"
479038,"NORMAL"
479330,"NORMAL"
479631,"NORMAL"
479929,"NORMAL"
480216,"NORMAL"
480492,"NORMAL"
480777,"NORMAL"
481055,"NORMAL"
481339,"NORMAL"
481637,"NORMAL"
481939,"NORMAL"
482237,"NORMAL"
482523,"NORMAL"
482800,"NORMAL"
483070,"NORMAL"
483349,"NORMAL"
483631,"NORMAL"
483928,"NORMAL"
484218,"NORMAL"
484505,"NORMAL"
484784,"NORMAL"
485071,"NORMAL"
485349,"NORMAL"
485639,"NORMAL"
485937,"NORMAL"
486251,"NORMAL"
486554,"NORMAL"
486843,"NORMAL"
487127,"NORMAL"
487421,"NORMAL"
487717,"NORMAL"
488015,"NORMAL"
488318,"NORMAL"
488634,"NORMAL"
488929,"NORMAL"
489213,"NORMAL"
489495,"NORMAL"
489786,"NORMAL"
490088,"NORMAL"
490391,"NORMAL"
490692,"NORMAL"
490991,"NORMAL"
491285,"NORMAL"
491569,"NORMAL"
491848,"NORMAL"
492143,"NORMAL"
492442,"NORMAL"
492749,"NORMAL"
493044,"NORMAL"
493337,"NORMAL"
493622,"NORMAL"
493912,"NORMAL"
494197,"NORMAL"
494489,"NORMAL"
494789,"NORMAL"
495083,"NORMAL"
495368,"NORMAL"
495647,"NORMAL"
495922,"NORMAL"
496199,"NORMAL"
496498,"NORMAL"
496711,"NORMAL"
497072,"NORMAL"
497374,"NORMAL"
497663,"NORMAL"
497943,"NORMAL"
498228,"NORMAL"
498516,"NORMAL"
498810,"NORMAL"
499113,"NORMAL"
499415,"NORMAL"
499699,"NORMAL"
499985,"NORMAL"
500266,"NORMAL"
500547,"NORMAL"
500844,"NORMAL"
501143,"NORMAL"
501447,"NORMAL"
501744,"NORMAL"
502037,"NORMAL"
502315,"NORMAL"
502599,"NORMAL"
502886,"NORMAL"
503188,"NORMAL"
503494,"NORMAL"
503792,"NORMAL"
504078,"NORMAL"
504368,"NORMAL"
504652,"NORMAL"
504933,"NORMAL"
505225,"NORMAL"
505526,"NORMAL"
505827,"NORMAL"
506123,"NORMAL"
506396,"NORMAL"
506677,"NORMAL"
506967,"NORMAL"
507254,"NORMAL"
507551,"NORMAL"
507853,"NORMAL"
508156,"NORMAL"
508453,"NORMAL"
508743,"NORMAL"
509018,"NORMAL"
509317,"NORMAL"
509621,"NORMAL"
509922,"NORMAL"
510219,"NORMAL"
510518,"NORMAL"
510802,"NORMAL"
511091,"NORMAL"
511370,"NORMAL"
511658,"NORMAL"
511968,"NORMAL"
512275,"NORMAL"
512567,"NORMAL"
512849,"NORMAL"
513134,"NORMAL"
513422,"NORMAL"
513717,"NORMAL"
514012,"NORMAL"
514315,"NORMAL"
514626,"NORMAL"
514917,"NORMAL"
515193,"NORMAL"
515473,"NORMAL"
515760,"NORMAL"
516063,"NORMAL"
516370,"NORMAL"
516664,"NORMAL"
516968,"NORMAL"
517264,"NORMAL"
517552,"NORMAL"
517830,"NORMAL"
518123,"NORMAL"
518424,"NORMAL"
518732,"NORMAL"
519026,"NORMAL"
519306,"NORMAL"
519592,"NORMAL"
519880,"NORMAL"
520148,"NORMAL"
520461,"NORMAL"
520766,"NORMAL"
520980,"NORMAL"
521340,"NORMAL"
521626,"NORMAL"
521911,"NORMAL"
522207,"NORMAL"
522509,"NORMAL"
522811,"NORMAL"
523114,"NORMAL"
523414,"NORMAL"
523706,"NORMAL"
523997,"NORMAL"
524278,"NORMAL"
524575,"NORMAL"
524888,"NORMAL"
525196,"NORMAL"
525491,"NORMAL"
525778,"NORMAL"
526062,"NORMAL"
526354,"NORMAL"
526646,"NORMAL"
526939,"NORMAL"
527241,"NORMAL"
527547,"NORMAL"
527837,"NORMAL"
528117,"NORMAL"
528400,"NORMAL"
528687,"NORMAL"
528990,"NORMAL"
529291,"NORMAL"
529597,"NORMAL"
529895,"NORMAL"
530189,"NORMAL"
530470,"NORMAL"
530759,"NORMAL"
531055,"NORMAL"
531356,"NORMAL"
531666,"NORMAL"
531965,"NORMAL"
532255,"NORMAL"
532542,"NORMAL"
532825,"NORMAL"
533120,"NORMAL"
533413,"NORMAL"
533718,"NORMAL"
534009,"NORMAL"
534305,"NORMAL"
534591,"NORMAL"
534870,"NORMAL"
535159,"NORMAL"
535457,"NORMAL"
535765,"NORMAL"
536065,"NORMAL"
536363,"NORMAL"
536643,"NORMAL"
536928,"NORMAL"
537210,"NORMAL"
537503,"NORMAL"
537808,"NORMAL"
538111,"NORMAL"
538419,"NORMAL"
538705,"NORMAL"
538991,"NORMAL"
539276,"NORMAL"
539571,"NORMAL"
539870,"NORMAL"
540170,"NORMAL"
540470,"NORMAL"
540766,"NORMAL"
541050,"NORMAL"
541332,"NORMAL"
541615,"NORMAL"
541914,"NORMAL"
542224,"NORMAL"
542527,"NORMAL"
542824,"NORMAL"
543114,"NORMAL"
543405,"NORMAL"
543687,"NORMAL"
543981,"NORMAL"
544284,"NORMAL"
544588,"NORMAL"
544893,"NORMAL"
545180,"NORMAL"
545454,"NORMAL"
545739,"NORMAL"
546020,"NORMAL"
546304,"NORMAL"
546598,"NORMAL"
546786,"NORMAL"
547197,"NORMAL"
547479,"NORMAL"
547757,"NORMAL"
548030,"NORMAL"
548331,"NORMAL"
548630,"NORMAL"
548924,"NORMAL"
549215,"NORMAL"
549500,"NORMAL"
549782,"NORMAL"
550068,"NORMAL"
550347,"NORMAL"
550635,"NORMAL"
550950,"NORMAL"
551252,"NORMAL"
551531,"NORMAL"
551813,"NORMAL"
552094,"NORMAL"
552383,"NORMAL"
552677,"NORMAL"
552973,"NORMAL"
553280,"NORMAL"
553586,"NORMAL"
553875,"NORMAL"
554153,"NORMAL"
554437,"NORMAL"
554721,"NORMAL"
555024,"NORMAL"
555322,"NORMAL"
555612,"NORMAL"
555911,"NORMAL"
556201,"NORMAL"
556484,"NORMAL"
556764,"NORMAL"
557054,"NORMAL"
557358,"NORMAL"
557665,"NORMAL"
557960,"NORMAL"
558237,"NORMAL"
558523,"NORMAL"
558811,"NORMAL"
559101,"NORMAL"
559393,"NORMAL"
559694,"NORMAL"
559995,"NORMAL"
560292,"NORMAL"
560574,"NORMAL"
560844,"NORMAL"
561139,"NORMAL"
561433,"NORMAL"
561730,"NORMAL"
562018,"NORMAL"
562306,"NORMAL"
562590,"NORMAL"
562810,"NORMAL"
563139,"NORMAL"
563422,"NORMAL"
563728,"NORMAL"
564028,"NORMAL"
564318,"NORMAL"
564598,"NORMAL"
564881,"NORMAL"
565162,"NORMAL"
565451,"NORMAL"
565739,"NORMAL"
566038,"NORMAL"
566257,"NORMAL"
566614,"NORMAL"
566897,"NORMAL"
567182,"NORMAL"
567376,"NORMAL"
567719,"NORMAL"
568025,"NORMAL"
568324,"NORMAL"
568622,"NORMAL"
568915,"NORMAL"
569202,"NORMAL"
569481,"NORMAL"
569761,"NORMAL"
570056,"NORMAL"
570364,"NORMAL"
570666,"NORMAL"
570955,"NORMAL"
571244,"NORMAL"
571535,"NORMAL"
571829,"NORMAL"
572120,"NORMAL"
572426,"NORMAL"
572728,"NORMAL"
573038,"NORMAL"
573326,"NORMAL"
573606,"NORMAL"
573890,"NORMAL"
574191,"NORMAL"
574427,"NORMAL"
574784,"NORMAL"
575093,"NORMAL"
575385,"NORMAL"
575676,"NORMAL"
575957,"NORMAL"
576246,"NORMAL"
576548,"NORMAL"
576861,"NORMAL"
577160,"NORMAL"
577454,"NORMAL"
577738,"NORMAL"
578023,"NORMAL"
578308,"NORMAL"
578599,"NORMAL"
578899,"NORMAL"
579202,"NORMAL"
579446,"NORMAL"
579789,"NORMAL"
580070,"NORMAL"
580355,"NORMAL"
580646,"NORMAL"
580944,"NORMAL"
581244,"NORMAL"
581540,"NORMAL"
581831,"NORMAL"
582118,"NORMAL"
582393,"NORMAL"
582667,"NORMAL"
582917,"NORMAL"
583237,"NORMAL"
583537,"NORMAL"
583820,"NORMAL"
584096,"NORMAL"
584362,"NORMAL"
584633,"NORMAL"
584902,"NORMAL"
585173,"NORMAL"
585453,"NORMAL"
585729,"NORMAL"
586010,"NORMAL"
586274,"NORMAL"
586523,"NORMAL"
586770,"NORMAL"
587029,"NORMAL"
587298,"NORMAL"
587570,"NORMAL"
587841,"NORMAL"
588109,"NORMAL"
588375,"NORMAL"
588640,"NORMAL"
588904,"NORMAL"
589176,"NORMAL"
589452,"NORMAL"
589745,"NORMAL"
590039,"NORMAL"
590315,"NORMAL"
590586,"NORMAL"
590862,"NORMAL"
591142,"NORMAL"
591414,"NORMAL"
591705,"NORMAL"
591995,"NORMAL"
592286,"NORMAL"
592570,"NORMAL"
592853,"NORMAL"
593067,"NORMAL"
593386,"NORMAL"
593682,"NORMAL"
593989,"NORMAL"
594277,"NORMAL"
594561,"NORMAL"
594853,"NORMAL"
595125,"NORMAL"
595400,"NORMAL"
595688,"NORMAL"
595990,"NORMAL"
596276,"NORMAL"
596582,"NORMAL"
596877,"NORMAL"
597135,"NORMAL"
597400,"NORMAL"
597668,"NORMAL"
597923,"NORMAL"
598184,"NORMAL"
598456,"NORMAL"
598710,"NORMAL"
598967,"NORMAL"
599220,"NORMAL"
599467,"NORMAL"
599702,"NORMAL"
599950,"NORMAL"
600212,"NORMAL"
600482,"NORMAL"
600737,"NORMAL"
601009,"NORMAL"
601271,"NORMAL"
601535,"NORMAL"
601797,"NORMAL"
602062,"NORMAL"
602328,"NORMAL"
602607,"NORMAL"
602892,"NORMAL"
603177,"NORMAL"
603453,"NORMAL"
603720,"NORMAL"
603987,"NORMAL"
604275,"NORMAL"
604561,"NORMAL"
604841,"NORMAL"
605146,"NORMAL"
605457,"NORMAL"
605735,"NORMAL"
606006,"NORMAL"
606292,"NORMAL"
606585,"NORMAL"
606878,"NORMAL"
607177,"NORMAL"
607473,"NORMAL"
607762,"NORMAL"
608042,"NORMAL"
608307,"NORMAL"
608574,"NORMAL"
608850,"NORMAL"
609135,"NORMAL"
609423,"NORMAL"
609714,"NORMAL"
609986,"NORMAL"
610260,"NORMAL"
610542,"NORMAL"
610821,"NORMAL"
611105,"NORMAL"
611397,"NORMAL"
611693,"NORMAL"
611985,"NORMAL"
612262,"NORMAL"
612537,"NORMAL"
612818,"NORMAL"
613106,"NORMAL"
613397,"NORMAL"
613691,"NORMAL"
613980,"NORMAL"
614258,"NORMAL"
614537,"NORMAL"
614813,"NORMAL"
615088,"NORMAL"
615368,"NORMAL"
615674,"NORMAL"
615966,"NORMAL"
616248,"NORMAL"
616524,"NORMAL"
616801,"NORMAL"
617083,"NORMAL"
617365,"NORMAL"
617653,"NORMAL"
617947,"NORMAL"
618246,"NORMAL"
618527,"NORMAL"
618802,"NORMAL"
619080,"NORMAL"
619360,"NORMAL"
619650,"NORMAL"
619949,"NORMAL"
620246,"NORMAL"
620539,"NORMAL"
620824,"NORMAL"
621100,"NORMAL"
621377,"NORMAL"
621659,"NORMAL"
621942,"NORMAL"
622244,"NORMAL"
622539,"NORMAL"
622821,"NORMAL"
623087,"NORMAL"
623365,"NORMAL"
623637,"NORMAL"
623916,"NORMAL"
624188,"NORMAL"
624480,"NORMAL"
624763,"NORMAL"
625044,"NORMAL"
625308,"NORMAL"
625577,"NORMAL"
625850,"NORMAL"
626136,"NORMAL"
626425,"NORMAL"
626713,"NORMAL"
626998,"NORMAL"
627279,"NORMAL"
627553,"NORMAL"
627825,"NORMAL"
628101,"NORMAL"
628389,"NORMAL"
628686,"NORMAL"
628979,"NORMAL"
629169,"NORMAL"
629491,"NORMAL"
629759,"NORMAL"
630025,"NORMAL"
630288,"NORMAL"
630559,"NORMAL"
630834,"NORMAL"
631108,"NORMAL"
631376,"NORMAL"
631634,"NORMAL"
631895,"NORMAL"
632155,"NORMAL"
632413,"NORMAL"
632686,"NORMAL"
632956,"NORMAL"
633226,"NORMAL"
633495,"NORMAL"
633766,"NORMAL"
634026,"NORMAL"
634282,"NORMAL"
634543,"NORMAL"
634825,"NORMAL"
635105,"NORMAL"
635393,"NORMAL"
635683,"NORMAL"
635964,"NORMAL"
636237,"NORMAL"
636519,"NORMAL"
636810,"NORMAL"
637102,"NORMAL"
637398,"NORMAL"
637702,"NORMAL"
637996,"NORMAL"
638280,"NORMAL"
638559,"NORMAL"
638845,"NORMAL"
639138,"NORMAL"
639445,"NORMAL"
639742,"NORMAL"
640038,"NORMAL"
640326,"NORMAL"
640613,"NORMAL"
640898,"NORMAL"
641176,"NORMAL"
641479,"NORMAL"
641775,"NORMAL"
642064,"NORMAL"
642335,"NORMAL"
642612,"NORMAL"
642885,"NORMAL"
643162,"NORMAL"
643436,"NORMAL"
643720,"NORMAL"
644003,"NORMAL"
644285,"NORMAL"
644545,"NORMAL"
644806,"NORMAL"
645061,"NORMAL"
645319,"NORMAL"
645580,"NORMAL"
645862,"NORMAL"
646131,"NORMAL"
646392,"NORMAL"
646656,"NORMAL"
646913,"NORMAL"
647166,"NORMAL"
647413,"NORMAL"
647670,"NORMAL"
647933,"NORMAL"
648202,"NORMAL"
648476,"NORMAL"
648731,"NORMAL"
648977,"NORMAL"
649230,"NORMAL"
649483,"NORMAL"
649732,"NORMAL"
